{
  "color": {
    "$type": "color",
    "black": {
      "100": {
        "$value": {
          "colorSpace": "srgb",
          "components": [0.047058823529411764, 0.047058823529411764, 0.050980392156862744],
          "alpha": 0.050980392156862744,
          "hex": "#0c0c0d"
        }
      },
      "200": {
        "$value": {
          "colorSpace": "srgb",
          "components": [0.047058823529411764, 0.047058823529411764, 0.050980392156862744],
          "alpha": 0.10196078431372549,
          "hex": "#0c0c0d"
        }
      },
      "300": {
        "$value": {
          "colorSpace": "srgb",
          "components": [0.047058823529411764, 0.047058823529411764, 0.050980392156862744],
          "alpha": 0.2,
          "hex": "#0c0c0d"
        }
      },
      "400": {
        "$value": {
          "colorSpace": "srgb",
          "components": [0.047058823529411764, 0.047058823529411764, 0.050980392156862744],
          "alpha": 0.4,
          "hex": "#0c0c0d"
        }
      },
      "500": {
        "$value": {
          "colorSpace": "srgb",
          "components": [0.047058823529411764, 0.047058823529411764, 0.050980392156862744],
          "alpha": 0.6980392156862745,
          "hex": "#0c0c0d"
        }
      },
      "600": {
        "$value": {
          "colorSpace": "srgb",
          "components": [0.047058823529411764, 0.047058823529411764, 0.050980392156862744],
          "alpha": 0.8,
          "hex": "#0c0c0d"
        }
      },
      "700": {
        "$value": {
          "colorSpace": "srgb",
          "components": [0.047058823529411764, 0.047058823529411764, 0.050980392156862744],
          "alpha": 0.8509803921568627,
          "hex": "#0c0c0d"
        }
      },
      "800": {
        "$value": {
          "colorSpace": "srgb",
          "components": [0.047058823529411764, 0.047058823529411764, 0.050980392156862744],
          "alpha": 0.8980392156862745,
          "hex": "#0c0c0d"
        }
      },
      "900": {
        "$value": {
          "colorSpace": "srgb",
          "components": [0.047058823529411764, 0.047058823529411764, 0.050980392156862744],
          "alpha": 0.9490196078431372,
          "hex": "#0c0c0d"
        }
      },
      "1000": {
        "$value": {
          "colorSpace": "srgb",
          "components": [0.047058823529411764, 0.047058823529411764, 0.050980392156862744],
          "alpha": 1,
          "hex": "#0c0c0d"
        }
      }
    },
    "gray": {
      "100": {
        "$value": {
          "colorSpace": "srgb",
          "components": [0.9607843137254902, 0.9607843137254902, 0.9607843137254902],
          "alpha": 1,
          "hex": "#f5f5f5"
        }
      },
      "200": {
        "$value": {
          "colorSpace": "srgb",
          "components": [0.9019607843137255, 0.9019607843137255, 0.9019607843137255],
          "alpha": 1,
          "hex": "#e6e6e6"
        }
      },
      "300": {
        "$value": {
          "colorSpace": "srgb",
          "components": [0.8509803921568627, 0.8509803921568627, 0.8509803921568627],
          "alpha": 1,
          "hex": "#d9d9d9"
        }
      },
      "400": {
        "$value": {
          "colorSpace": "srgb",
          "components": [0.7019607843137254, 0.7019607843137254, 0.7019607843137254],
          "alpha": 1,
          "hex": "#b3b3b3"
        }
      },
      "500": {
        "$value": {
          "colorSpace": "srgb",
          "components": [0.4588235294117647, 0.4588235294117647, 0.4588235294117647],
          "alpha": 1,
          "hex": "#757575"
        }
      },
      "600": {
        "$value": {
          "colorSpace": "srgb",
          "components": [0.26666666666666666, 0.26666666666666666, 0.26666666666666666],
          "alpha": 1,
          "hex": "#444444"
        }
      },
      "700": {
        "$value": {
          "colorSpace": "srgb",
          "components": [0.2196078431372549, 0.2196078431372549, 0.2196078431372549],
          "alpha": 1,
          "hex": "#383838"
        }
      },
      "800": {
        "$value": {
          "colorSpace": "srgb",
          "components": [0.17254901960784313, 0.17254901960784313, 0.17254901960784313],
          "alpha": 1,
          "hex": "#2c2c2c"
        }
      },
      "900": {
        "$value": {
          "colorSpace": "srgb",
          "components": [0.11764705882352941, 0.11764705882352941, 0.11764705882352941],
          "alpha": 1,
          "hex": "#1e1e1e"
        }
      },
      "1000": {
        "$value": {
          "colorSpace": "srgb",
          "components": [0.06666666666666667, 0.06666666666666667, 0.06666666666666667],
          "alpha": 1,
          "hex": "#111111"
        }
      }
    },
    "green": {
      "100": {
        "$value": {
          "colorSpace": "srgb",
          "components": [0.9215686274509803, 1, 0.9333333333333333],
          "alpha": 1,
          "hex": "#ebffee"
        }
      },
      "200": {
        "$value": {
          "colorSpace": "srgb",
          "components": [0.8117647058823529, 0.9686274509803922, 0.8274509803921568],
          "alpha": 1,
          "hex": "#cff7d3"
        }
      },
      "300": {
        "$value": {
          "colorSpace": "srgb",
          "components": [0.6862745098039216, 0.9568627450980393, 0.7764705882352941],
          "alpha": 1,
          "hex": "#aff4c6"
        }
      },
      "400": {
        "$value": {
          "colorSpace": "srgb",
          "components": [0.5215686274509804, 0.8784313725490196, 0.6392156862745098],
          "alpha": 1,
          "hex": "#85e0a3"
        }
      },
      "500": {
        "$value": {
          "colorSpace": "srgb",
          "components": [0.0784313725490196, 0.6823529411764706, 0.3607843137254902],
          "alpha": 1,
          "hex": "#14ae5c"
        }
      },
      "600": {
        "$value": {
          "colorSpace": "srgb",
          "components": [0, 0.6, 0.3176470588235294],
          "alpha": 1,
          "hex": "#009951"
        }
      },
      "700": {
        "$value": {
          "colorSpace": "srgb",
          "components": [0, 0.5019607843137255, 0.2627450980392157],
          "alpha": 1,
          "hex": "#008043"
        }
      },
      "800": {
        "$value": {
          "colorSpace": "srgb",
          "components": [0.00784313725490196, 0.32941176470588235, 0.17647058823529413],
          "alpha": 1,
          "hex": "#02542d"
        }
      },
      "900": {
        "$value": {
          "colorSpace": "srgb",
          "components": [0.00784313725490196, 0.25098039215686274, 0.13725490196078433],
          "alpha": 1,
          "hex": "#024023"
        }
      },
      "1000": {
        "$value": {
          "colorSpace": "srgb",
          "components": [0.023529411764705882, 0.17647058823529413, 0.10588235294117647],
          "alpha": 1,
          "hex": "#062d1b"
        }
      }
    },
    "pink": {
      "100": {
        "$value": {
          "colorSpace": "srgb",
          "components": [0.9882352941176471, 0.9450980392156862, 0.9921568627450981],
          "alpha": 1,
          "hex": "#fcf1fd"
        }
      },
      "200": {
        "$value": {
          "colorSpace": "srgb",
          "components": [0.9803921568627451, 0.8823529411764706, 0.9803921568627451],
          "alpha": 1,
          "hex": "#fae1fa"
        }
      },
      "300": {
        "$value": {
          "colorSpace": "srgb",
          "components": [0.9607843137254902, 0.7529411764705882, 0.9372549019607843],
          "alpha": 1,
          "hex": "#f5c0ef"
        }
      },
      "400": {
        "$value": {
          "colorSpace": "srgb",
          "components": [0.9450980392156862, 0.6196078431372549, 0.8627450980392157],
          "alpha": 1,
          "hex": "#f19edc"
        }
      },
      "500": {
        "$value": {
          "colorSpace": "srgb",
          "components": [0.9176470588235294, 0.24705882352941178, 0.7215686274509804],
          "alpha": 1,
          "hex": "#ea3fb8"
        }
      },
      "600": {
        "$value": {
          "colorSpace": "srgb",
          "components": [0.8431372549019608, 0.19607843137254902, 0.6588235294117647],
          "alpha": 1,
          "hex": "#d732a8"
        }
      },
      "700": {
        "$value": {
          "colorSpace": "srgb",
          "components": [0.7294117647058823, 0.16470588235294117, 0.5725490196078431],
          "alpha": 1,
          "hex": "#ba2a92"
        }
      },
      "800": {
        "$value": {
          "colorSpace": "srgb",
          "components": [0.5411764705882353, 0.13333333333333333, 0.43529411764705883],
          "alpha": 1,
          "hex": "#8a226f"
        }
      },
      "900": {
        "$value": {
          "colorSpace": "srgb",
          "components": [0.3411764705882353, 0.09411764705882353, 0.2901960784313726],
          "alpha": 1,
          "hex": "#57184a"
        }
      },
      "1000": {
        "$value": {
          "colorSpace": "srgb",
          "components": [0.24705882352941178, 0.08235294117647059, 0.21176470588235294],
          "alpha": 1,
          "hex": "#3f1536"
        }
      }
    },
    "red": {
      "100": {
        "$value": {
          "colorSpace": "srgb",
          "components": [0.996078431372549, 0.9137254901960784, 0.9058823529411765],
          "alpha": 1,
          "hex": "#fee9e7"
        }
      },
      "200": {
        "$value": {
          "colorSpace": "srgb",
          "components": [0.9921568627450981, 0.8274509803921568, 0.8156862745098039],
          "alpha": 1,
          "hex": "#fdd3d0"
        }
      },
      "300": {
        "$value": {
          "colorSpace": "srgb",
          "components": [0.9882352941176471, 0.7019607843137254, 0.6784313725490196],
          "alpha": 1,
          "hex": "#fcb3ad"
        }
      },
      "400": {
        "$value": {
          "colorSpace": "srgb",
          "components": [0.9568627450980393, 0.4666666666666667, 0.41568627450980394],
          "alpha": 1,
          "hex": "#f4776a"
        }
      },
      "500": {
        "$value": {
          "colorSpace": "srgb",
          "components": [0.9254901960784314, 0.13333333333333333, 0.12156862745098039],
          "alpha": 1,
          "hex": "#ec221f"
        }
      },
      "600": {
        "$value": {
          "colorSpace": "srgb",
          "components": [0.7529411764705882, 0.058823529411764705, 0.047058823529411764],
          "alpha": 1,
          "hex": "#c00f0c"
        }
      },
      "700": {
        "$value": {
          "colorSpace": "srgb",
          "components": [0.5647058823529412, 0.043137254901960784, 0.03529411764705882],
          "alpha": 1,
          "hex": "#900b09"
        }
      },
      "800": {
        "$value": {
          "colorSpace": "srgb",
          "components": [0.4117647058823529, 0.03137254901960784, 0.027450980392156862],
          "alpha": 1,
          "hex": "#690807"
        }
      },
      "900": {
        "$value": {
          "colorSpace": "srgb",
          "components": [0.30196078431372547, 0.043137254901960784, 0.0392156862745098],
          "alpha": 1,
          "hex": "#4d0b0a"
        }
      },
      "1000": {
        "$value": {
          "colorSpace": "srgb",
          "components": [0.18823529411764706, 0.023529411764705882, 0.011764705882352941],
          "alpha": 1,
          "hex": "#300603"
        }
      }
    },
    "slate": {
      "100": {
        "$value": {
          "colorSpace": "srgb",
          "components": [0.9529411764705882, 0.9529411764705882, 0.9529411764705882],
          "alpha": 1,
          "hex": "#f3f3f3"
        }
      },
      "200": {
        "$value": {
          "colorSpace": "srgb",
          "components": [0.8901960784313725, 0.8901960784313725, 0.8901960784313725],
          "alpha": 1,
          "hex": "#e3e3e3"
        }
      },
      "300": {
        "$value": {
          "colorSpace": "srgb",
          "components": [0.803921568627451, 0.803921568627451, 0.803921568627451],
          "alpha": 1,
          "hex": "#cdcdcd"
        }
      },
      "400": {
        "$value": {
          "colorSpace": "srgb",
          "components": [0.6980392156862745, 0.6980392156862745, 0.6980392156862745],
          "alpha": 1,
          "hex": "#b2b2b2"
        }
      },
      "500": {
        "$value": {
          "colorSpace": "srgb",
          "components": [0.5803921568627451, 0.5803921568627451, 0.5803921568627451],
          "alpha": 1,
          "hex": "#949494"
        }
      },
      "600": {
        "$value": {
          "colorSpace": "srgb",
          "components": [0.4627450980392157, 0.4627450980392157, 0.4627450980392157],
          "alpha": 1,
          "hex": "#767676"
        }
      },
      "700": {
        "$value": {
          "colorSpace": "srgb",
          "components": [0.35294117647058826, 0.35294117647058826, 0.35294117647058826],
          "alpha": 1,
          "hex": "#5a5a5a"
        }
      },
      "800": {
        "$value": {
          "colorSpace": "srgb",
          "components": [0.2627450980392157, 0.2627450980392157, 0.2627450980392157],
          "alpha": 1,
          "hex": "#434343"
        }
      },
      "900": {
        "$value": {
          "colorSpace": "srgb",
          "components": [0.18823529411764706, 0.18823529411764706, 0.18823529411764706],
          "alpha": 1,
          "hex": "#303030"
        }
      },
      "1000": {
        "$value": {
          "colorSpace": "srgb",
          "components": [0.1411764705882353, 0.1411764705882353, 0.1411764705882353],
          "alpha": 1,
          "hex": "#242424"
        }
      }
    },
    "white": {
      "100": {
        "$value": {
          "colorSpace": "srgb",
          "components": [1, 1, 1],
          "alpha": 0.050980392156862744,
          "hex": "#ffffff"
        }
      },
      "200": {
        "$value": {
          "colorSpace": "srgb",
          "components": [1, 1, 1],
          "alpha": 0.10196078431372549,
          "hex": "#ffffff"
        }
      },
      "300": {
        "$value": { "colorSpace": "srgb", "components": [1, 1, 1], "alpha": 0.2, "hex": "#ffffff" }
      },
      "400": {
        "$value": { "colorSpace": "srgb", "components": [1, 1, 1], "alpha": 0.4, "hex": "#ffffff" }
      },
      "500": {
        "$value": {
          "colorSpace": "srgb",
          "components": [1, 1, 1],
          "alpha": 0.6980392156862745,
          "hex": "#ffffff"
        }
      },
      "600": {
        "$value": { "colorSpace": "srgb", "components": [1, 1, 1], "alpha": 0.8, "hex": "#ffffff" }
      },
      "700": {
        "$value": {
          "colorSpace": "srgb",
          "components": [1, 1, 1],
          "alpha": 0.8509803921568627,
          "hex": "#ffffff"
        }
      },
      "800": {
        "$value": {
          "colorSpace": "srgb",
          "components": [1, 1, 1],
          "alpha": 0.8980392156862745,
          "hex": "#ffffff"
        }
      },
      "900": {
        "$value": {
          "colorSpace": "srgb",
          "components": [1, 1, 1],
          "alpha": 0.9490196078431372,
          "hex": "#ffffff"
        }
      },
      "1000": {
        "$value": { "colorSpace": "srgb", "components": [1, 1, 1], "alpha": 1, "hex": "#ffffff" }
      }
    },
    "yellow": {
      "100": {
        "$value": {
          "colorSpace": "srgb",
          "components": [1, 0.984313725490196, 0.9215686274509803],
          "alpha": 1,
          "hex": "#fffbeb"
        }
      },
      "200": {
        "$value": {
          "colorSpace": "srgb",
          "components": [1, 0.9450980392156862, 0.7607843137254902],
          "alpha": 1,
          "hex": "#fff1c2"
        }
      },
      "300": {
        "$value": {
          "colorSpace": "srgb",
          "components": [1, 0.9098039215686274, 0.6392156862745098],
          "alpha": 1,
          "hex": "#ffe8a3"
        }
      },
      "400": {
        "$value": {
          "colorSpace": "srgb",
          "components": [0.9098039215686274, 0.7254901960784313, 0.19215686274509805],
          "alpha": 1,
          "hex": "#e8b931"
        }
      },
      "500": {
        "$value": {
          "colorSpace": "srgb",
          "components": [0.8980392156862745, 0.6274509803921569, 0],
          "alpha": 1,
          "hex": "#e5a000"
        }
      },
      "600": {
        "$value": {
          "colorSpace": "srgb",
          "components": [0.7490196078431373, 0.41568627450980394, 0.00784313725490196],
          "alpha": 1,
          "hex": "#bf6a02"
        }
      },
      "700": {
        "$value": {
          "colorSpace": "srgb",
          "components": [0.592156862745098, 0.3176470588235294, 0.00784313725490196],
          "alpha": 1,
          "hex": "#975102"
        }
      },
      "800": {
        "$value": {
          "colorSpace": "srgb",
          "components": [0.40784313725490196, 0.17647058823529413, 0.011764705882352941],
          "alpha": 1,
          "hex": "#682d03"
        }
      },
      "900": {
        "$value": {
          "colorSpace": "srgb",
          "components": [0.3215686274509804, 0.1450980392156863, 0.01568627450980392],
          "alpha": 1,
          "hex": "#522504"
        }
      },
      "1000": {
        "$value": {
          "colorSpace": "srgb",
          "components": [0.25098039215686274, 0.10588235294117647, 0.00392156862745098],
          "alpha": 1,
          "hex": "#401b01"
        }
      }
    }
  }
}
