{
  "c-1": {
    "c-1-a": {
      "$type": "dimension",
      "$value": "10px",
      "$description": "",
      "$extensions": {
        "mode": {
          "Mode 4": "10px",
          "Mode 2": "12px"
        }
      }
    }
  },
  "c-2": {
    "Number": {
      "$type": "dimension",
      "$value": "{c-1.c-1-a}",
      "$description": "",
      "$extensions": {
        "mode": {
          "Mode 4": "{c-1.c-1-a}",
          "Mode 2": "14px"
        }
      }
    }
  },
  "$extensions": {
    "tokens-bruecke-meta": {
      "useDTCGKeys": true,
      "colorMode": "hex",
      "variableCollections": ["c-1", "c-2"],
      "createdAt": "2026-01-19T10:09:50.175Z"
    }
  }
}
