{
  "T1 - Primitives": {
    "colors": {
      "neutral": {
        "white": {
          "$type": "color",
          "$value": "#ffffff",
          "$description": "",
          "$extensions": {
            "mode": {}
          }
        },
        "grey": {
          "50": {
            "$type": "color",
            "$value": "#fafbfe",
            "$description": "",
            "$extensions": {
              "mode": {}
            }
          },
          "100": {
            "$type": "color",
            "$value": "#f4f6fd",
            "$description": "",
            "$extensions": {
              "mode": {}
            }
          },
          "200": {
            "$type": "color",
            "$value": "#e6eaf5",
            "$description": "",
            "$extensions": {
              "mode": {}
            }
          },
          "300": {
            "$type": "color",
            "$value": "#bcc2d3",
            "$description": "",
            "$extensions": {
              "mode": {}
            }
          },
          "400": {
            "$type": "color",
            "$value": "#7c8192",
            "$description": "",
            "$extensions": {
              "mode": {}
            }
          },
          "500": {
            "$type": "color",
            "$value": "#484e5b",
            "$description": "",
            "$extensions": {
              "mode": {}
            }
          },
          "600": {
            "$type": "color",
            "$value": "#282c39",
            "$description": "",
            "$extensions": {
              "mode": {}
            }
          },
          "700": {
            "$type": "color",
            "$value": "#20232d",
            "$description": "",
            "$extensions": {
              "mode": {}
            }
          },
          "800": {
            "$type": "color",
            "$value": "#15171e",
            "$description": "",
            "$extensions": {
              "mode": {}
            }
          },
          "900": {
            "$type": "color",
            "$value": "#0e0f16",
            "$description": "",
            "$extensions": {
              "mode": {}
            }
          },
          "950": {
            "$type": "color",
            "$value": "#060608",
            "$description": "",
            "$extensions": {
              "mode": {}
            }
          }
        },
        "black": {
          "$type": "color",
          "$value": "#000000",
          "$description": "",
          "$extensions": {
            "mode": {}
          }
        }
      },
      "transparent": {
        "20": {
          "$type": "color",
          "$value": "#00000033",
          "$description": "",
          "$extensions": {
            "mode": {}
          }
        },
        "40": {
          "$type": "color",
          "$value": "#00000066",
          "$description": "",
          "$extensions": {
            "mode": {}
          }
        },
        "60": {
          "$type": "color",
          "$value": "#00000099",
          "$description": "",
          "$extensions": {
            "mode": {}
          }
        },
        "80": {
          "$type": "color",
          "$value": "#000000cc",
          "$description": "",
          "$extensions": {
            "mode": {}
          }
        }
      },
      "green": {
        "50": {
          "$type": "color",
          "$value": "#f2fbf3",
          "$description": "",
          "$extensions": {
            "mode": {}
          }
        },
        "100": {
          "$type": "color",
          "$value": "#e0f8e2",
          "$description": "",
          "$extensions": {
            "mode": {}
          }
        },
        "200": {
          "$type": "color",
          "$value": "#c3efc7",
          "$description": "",
          "$extensions": {
            "mode": {}
          }
        },
        "300": {
          "$type": "color",
          "$value": "#95e09d",
          "$description": "",
          "$extensions": {
            "mode": {}
          }
        },
        "400": {
          "$type": "color",
          "$value": "#5fc96b",
          "$description": "",
          "$extensions": {
            "mode": {}
          }
        },
        "500": {
          "$type": "color",
          "$value": "#3ebf4d",
          "$description": "",
          "$extensions": {
            "mode": {}
          }
        },
        "600": {
          "$type": "color",
          "$value": "#2a8f36",
          "$description": "",
          "$extensions": {
            "mode": {}
          }
        },
        "700": {
          "$type": "color",
          "$value": "#24712e",
          "$description": "",
          "$extensions": {
            "mode": {}
          }
        },
        "800": {
          "$type": "color",
          "$value": "#215a29",
          "$description": "",
          "$extensions": {
            "mode": {}
          }
        },
        "900": {
          "$type": "color",
          "$value": "#1d4a24",
          "$description": "",
          "$extensions": {
            "mode": {}
          }
        },
        "950": {
          "$type": "color",
          "$value": "#0b2810",
          "$description": "",
          "$extensions": {
            "mode": {}
          }
        }
      },
      "red": {
        "50": {
          "$type": "color",
          "$value": "#fef3f2",
          "$description": "",
          "$extensions": {
            "mode": {}
          }
        },
        "100": {
          "$type": "color",
          "$value": "#ffe3e1",
          "$description": "",
          "$extensions": {
            "mode": {}
          }
        },
        "200": {
          "$type": "color",
          "$value": "#ffccc8",
          "$description": "",
          "$extensions": {
            "mode": {}
          }
        },
        "300": {
          "$type": "color",
          "$value": "#ffa8a2",
          "$description": "",
          "$extensions": {
            "mode": {}
          }
        },
        "400": {
          "$type": "color",
          "$value": "#fc776d",
          "$description": "",
          "$extensions": {
            "mode": {}
          }
        },
        "500": {
          "$type": "color",
          "$value": "#f44336",
          "$description": "",
          "$extensions": {
            "mode": {}
          }
        },
        "600": {
          "$type": "color",
          "$value": "#e22d20",
          "$description": "",
          "$extensions": {
            "mode": {}
          }
        },
        "700": {
          "$type": "color",
          "$value": "#be2217",
          "$description": "",
          "$extensions": {
            "mode": {}
          }
        },
        "800": {
          "$type": "color",
          "$value": "#9d2017",
          "$description": "",
          "$extensions": {
            "mode": {}
          }
        },
        "900": {
          "$type": "color",
          "$value": "#82211a",
          "$description": "",
          "$extensions": {
            "mode": {}
          }
        },
        "950": {
          "$type": "color",
          "$value": "#470c08",
          "$description": "",
          "$extensions": {
            "mode": {}
          }
        }
      },
      "orange": {
        "50": {
          "$type": "color",
          "$value": "#fffaec",
          "$description": "",
          "$extensions": {
            "mode": {}
          }
        },
        "100": {
          "$type": "color",
          "$value": "#fff5d3",
          "$description": "",
          "$extensions": {
            "mode": {}
          }
        },
        "200": {
          "$type": "color",
          "$value": "#ffe7a5",
          "$description": "",
          "$extensions": {
            "mode": {}
          }
        },
        "300": {
          "$type": "color",
          "$value": "#ffd46d",
          "$description": "",
          "$extensions": {
            "mode": {}
          }
        },
        "400": {
          "$type": "color",
          "$value": "#ffb632",
          "$description": "",
          "$extensions": {
            "mode": {}
          }
        },
        "500": {
          "$type": "color",
          "$value": "#ff9d0a",
          "$description": "",
          "$extensions": {
            "mode": {}
          }
        },
        "600": {
          "$type": "color",
          "$value": "#ff8500",
          "$description": "",
          "$extensions": {
            "mode": {}
          }
        },
        "700": {
          "$type": "color",
          "$value": "#cc6102",
          "$description": "",
          "$extensions": {
            "mode": {}
          }
        },
        "800": {
          "$type": "color",
          "$value": "#a14b0b",
          "$description": "",
          "$extensions": {
            "mode": {}
          }
        },
        "900": {
          "$type": "color",
          "$value": "#823f0c",
          "$description": "",
          "$extensions": {
            "mode": {}
          }
        },
        "950": {
          "$type": "color",
          "$value": "#461e04",
          "$description": "",
          "$extensions": {
            "mode": {}
          }
        }
      },
      "blue": {
        "50": {
          "$type": "color",
          "$value": "#edfcff",
          "$description": "",
          "$extensions": {
            "mode": {}
          }
        },
        "100": {
          "$type": "color",
          "$value": "#d6f7ff",
          "$description": "",
          "$extensions": {
            "mode": {}
          }
        },
        "200": {
          "$type": "color",
          "$value": "#b5f3ff",
          "$description": "",
          "$extensions": {
            "mode": {}
          }
        },
        "300": {
          "$type": "color",
          "$value": "#83edff",
          "$description": "",
          "$extensions": {
            "mode": {}
          }
        },
        "400": {
          "$type": "color",
          "$value": "#48e0ff",
          "$description": "",
          "$extensions": {
            "mode": {}
          }
        },
        "500": {
          "$type": "color",
          "$value": "#1ec6ff",
          "$description": "",
          "$extensions": {
            "mode": {}
          }
        },
        "600": {
          "$type": "color",
          "$value": "#06abff",
          "$description": "",
          "$extensions": {
            "mode": {}
          }
        },
        "700": {
          "$type": "color",
          "$value": "#0098ff",
          "$description": "",
          "$extensions": {
            "mode": {}
          }
        },
        "800": {
          "$type": "color",
          "$value": "#0873c5",
          "$description": "",
          "$extensions": {
            "mode": {}
          }
        },
        "900": {
          "$type": "color",
          "$value": "#0b5284",
          "$description": "",
          "$extensions": {
            "mode": {}
          }
        },
        "950": {
          "$type": "color",
          "$value": "#0e3a5d",
          "$description": "",
          "$extensions": {
            "mode": {}
          }
        }
      },
      "purple": {
        "50": {
          "$type": "color",
          "$value": "#eff6fe",
          "$description": "",
          "$extensions": {
            "mode": {}
          }
        },
        "100": {
          "$type": "color",
          "$value": "#e2edfd",
          "$description": "",
          "$extensions": {
            "mode": {}
          }
        },
        "200": {
          "$type": "color",
          "$value": "#cbdefa",
          "$description": "",
          "$extensions": {
            "mode": {}
          }
        },
        "300": {
          "$type": "color",
          "$value": "#acc6f5",
          "$description": "",
          "$extensions": {
            "mode": {}
          }
        },
        "400": {
          "$type": "color",
          "$value": "#8aa7ef",
          "$description": "",
          "$extensions": {
            "mode": {}
          }
        },
        "500": {
          "$type": "color",
          "$value": "#6e88e6",
          "$description": "",
          "$extensions": {
            "mode": {}
          }
        },
        "600": {
          "$type": "color",
          "$value": "#5466d9",
          "$description": "",
          "$extensions": {
            "mode": {}
          }
        },
        "700": {
          "$type": "color",
          "$value": "#4351bf",
          "$description": "",
          "$extensions": {
            "mode": {}
          }
        },
        "800": {
          "$type": "color",
          "$value": "#39469a",
          "$description": "",
          "$extensions": {
            "mode": {}
          }
        },
        "900": {
          "$type": "color",
          "$value": "#343f7b",
          "$description": "",
          "$extensions": {
            "mode": {}
          }
        },
        "950": {
          "$type": "color",
          "$value": "#1f2547",
          "$description": "",
          "$extensions": {
            "mode": {}
          }
        }
      },
      "pink": {
        "50": {
          "$type": "color",
          "$value": "#fff2f7",
          "$description": "",
          "$extensions": {
            "mode": {}
          }
        },
        "100": {
          "$type": "color",
          "$value": "#ffe5ef",
          "$description": "",
          "$extensions": {
            "mode": {}
          }
        },
        "200": {
          "$type": "color",
          "$value": "#ffc9df",
          "$description": "",
          "$extensions": {
            "mode": {}
          }
        },
        "300": {
          "$type": "color",
          "$value": "#ff9dc4",
          "$description": "",
          "$extensions": {
            "mode": {}
          }
        },
        "400": {
          "$type": "color",
          "$value": "#f86aa1",
          "$description": "",
          "$extensions": {
            "mode": {}
          }
        },
        "500": {
          "$type": "color",
          "$value": "#f2357a",
          "$description": "",
          "$extensions": {
            "mode": {}
          }
        },
        "600": {
          "$type": "color",
          "$value": "#d52e6b",
          "$description": "",
          "$extensions": {
            "mode": {}
          }
        },
        "700": {
          "$type": "color",
          "$value": "#b12658",
          "$description": "",
          "$extensions": {
            "mode": {}
          }
        },
        "800": {
          "$type": "color",
          "$value": "#891c43",
          "$description": "",
          "$extensions": {
            "mode": {}
          }
        },
        "900": {
          "$type": "color",
          "$value": "#5f142f",
          "$description": "",
          "$extensions": {
            "mode": {}
          }
        },
        "950": {
          "$type": "color",
          "$value": "#3e0c1f",
          "$description": "",
          "$extensions": {
            "mode": {}
          }
        }
      },
      "cornflower blue": {
        "50": {
          "$type": "color",
          "$value": "#f4f7fe",
          "$description": "",
          "$extensions": {
            "mode": {}
          }
        },
        "100": {
          "$type": "color",
          "$value": "#e7edfd",
          "$description": "",
          "$extensions": {
            "mode": {}
          }
        },
        "200": {
          "$type": "color",
          "$value": "#d1dffd",
          "$description": "",
          "$extensions": {
            "mode": {}
          }
        },
        "300": {
          "$type": "color",
          "$value": "#abc6fb",
          "$description": "",
          "$extensions": {
            "mode": {}
          }
        },
        "400": {
          "$type": "color",
          "$value": "#84a9f9",
          "$description": "",
          "$extensions": {
            "mode": {}
          }
        },
        "500": {
          "$type": "color",
          "$value": "#5c89f7",
          "$description": "",
          "$extensions": {
            "mode": {}
          }
        },
        "600": {
          "$type": "color",
          "$value": "#446fdd",
          "$description": "",
          "$extensions": {
            "mode": {}
          }
        },
        "700": {
          "$type": "color",
          "$value": "#345ac1",
          "$description": "",
          "$extensions": {
            "mode": {}
          }
        },
        "800": {
          "$type": "color",
          "$value": "#2b4a9e",
          "$description": "",
          "$extensions": {
            "mode": {}
          }
        },
        "900": {
          "$type": "color",
          "$value": "#213779",
          "$description": "",
          "$extensions": {
            "mode": {}
          }
        },
        "950": {
          "$type": "color",
          "$value": "#17264d",
          "$description": "",
          "$extensions": {
            "mode": {}
          }
        }
      },
      "cyan": {
        "50": {
          "$type": "color",
          "$value": "#f1fdff",
          "$description": "",
          "$extensions": {
            "mode": {}
          }
        },
        "100": {
          "$type": "color",
          "$value": "#d9fafe",
          "$description": "",
          "$extensions": {
            "mode": {}
          }
        },
        "200": {
          "$type": "color",
          "$value": "#b0f0fa",
          "$description": "",
          "$extensions": {
            "mode": {}
          }
        },
        "300": {
          "$type": "color",
          "$value": "#87e4f2",
          "$description": "",
          "$extensions": {
            "mode": {}
          }
        },
        "400": {
          "$type": "color",
          "$value": "#5dd8ec",
          "$description": "",
          "$extensions": {
            "mode": {}
          }
        },
        "500": {
          "$type": "color",
          "$value": "#36d0eb",
          "$description": "",
          "$extensions": {
            "mode": {}
          }
        },
        "600": {
          "$type": "color",
          "$value": "#29b5cd",
          "$description": "",
          "$extensions": {
            "mode": {}
          }
        },
        "700": {
          "$type": "color",
          "$value": "#1f96a9",
          "$description": "",
          "$extensions": {
            "mode": {}
          }
        },
        "800": {
          "$type": "color",
          "$value": "#187585",
          "$description": "",
          "$extensions": {
            "mode": {}
          }
        },
        "900": {
          "$type": "color",
          "$value": "#115460",
          "$description": "",
          "$extensions": {
            "mode": {}
          }
        },
        "950": {
          "$type": "color",
          "$value": "#0a353f",
          "$description": "",
          "$extensions": {
            "mode": {}
          }
        }
      },
      "ethical blue": {
        "50": {
          "$type": "color",
          "$value": "#f0f9ff",
          "$description": "",
          "$extensions": {
            "mode": {}
          }
        },
        "100": {
          "$type": "color",
          "$value": "#e0f2ff",
          "$description": "",
          "$extensions": {
            "mode": {}
          }
        },
        "200": {
          "$type": "color",
          "$value": "#c0e7ff",
          "$description": "",
          "$extensions": {
            "mode": {}
          }
        },
        "300": {
          "$type": "color",
          "$value": "#8fd4ff",
          "$description": "",
          "$extensions": {
            "mode": {}
          }
        },
        "400": {
          "$type": "color",
          "$value": "#4cbfff",
          "$description": "",
          "$extensions": {
            "mode": {}
          }
        },
        "500": {
          "$type": "color",
          "$value": "#0098ff",
          "$description": "",
          "$extensions": {
            "mode": {}
          }
        },
        "600": {
          "$type": "color",
          "$value": "#007be3",
          "$description": "",
          "$extensions": {
            "mode": {}
          }
        },
        "700": {
          "$type": "color",
          "$value": "#0062c2",
          "$description": "",
          "$extensions": {
            "mode": {}
          }
        },
        "800": {
          "$type": "color",
          "$value": "#0048a0",
          "$description": "",
          "$extensions": {
            "mode": {}
          }
        },
        "900": {
          "$type": "color",
          "$value": "#003281",
          "$description": "",
          "$extensions": {
            "mode": {}
          }
        },
        "950": {
          "$type": "color",
          "$value": "#002261",
          "$description": "",
          "$extensions": {
            "mode": {}
          }
        }
      },
      "sovereign blue": {
        "50": {
          "$type": "color",
          "$value": "#eff6fe",
          "$description": "",
          "$extensions": {
            "mode": {}
          }
        },
        "100": {
          "$type": "color",
          "$value": "#e2edfd",
          "$description": "",
          "$extensions": {
            "mode": {}
          }
        },
        "200": {
          "$type": "color",
          "$value": "#cbdefa",
          "$description": "",
          "$extensions": {
            "mode": {}
          }
        },
        "300": {
          "$type": "color",
          "$value": "#acc6f5",
          "$description": "",
          "$extensions": {
            "mode": {}
          }
        },
        "400": {
          "$type": "color",
          "$value": "#8aa7ef",
          "$description": "",
          "$extensions": {
            "mode": {}
          }
        },
        "500": {
          "$type": "color",
          "$value": "#6e88e6",
          "$description": "",
          "$extensions": {
            "mode": {}
          }
        },
        "600": {
          "$type": "color",
          "$value": "#5466d9",
          "$description": "",
          "$extensions": {
            "mode": {}
          }
        },
        "700": {
          "$type": "color",
          "$value": "#4351bf",
          "$description": "",
          "$extensions": {
            "mode": {}
          }
        },
        "800": {
          "$type": "color",
          "$value": "#39469a",
          "$description": "",
          "$extensions": {
            "mode": {}
          }
        },
        "900": {
          "$type": "color",
          "$value": "#343f7b",
          "$description": "",
          "$extensions": {
            "mode": {}
          }
        },
        "950": {
          "$type": "color",
          "$value": "#1f2547",
          "$description": "",
          "$extensions": {
            "mode": {}
          }
        }
      }
    }
  },
  "T2 - Infomaniak theme": {
    "colors": {
      "background": {
        "dim2": {
          "$type": "color",
          "$value": "{T1 - Primitives.colors.neutral.grey.100}",
          "$description": "",
          "$extensions": {
            "mode": {
              "Light": "{T1 - Primitives.colors.neutral.grey.100}",
              "Dark": "{T1 - Primitives.colors.neutral.grey.800}"
            }
          }
        },
        "surface": {
          "$type": "color",
          "$value": "{T1 - Primitives.colors.neutral.white}",
          "$description": "",
          "$extensions": {
            "mode": {
              "Light": "{T1 - Primitives.colors.neutral.white}",
              "Dark": "{T1 - Primitives.colors.neutral.grey.600}"
            }
          }
        },
        "dim1": {
          "$type": "color",
          "$value": "{T1 - Primitives.colors.neutral.grey.50}",
          "$description": "",
          "$extensions": {
            "mode": {
              "Light": "{T1 - Primitives.colors.neutral.grey.50}",
              "Dark": "{T1 - Primitives.colors.neutral.grey.700}"
            }
          }
        },
        "dim3": {
          "$type": "color",
          "$value": "{T1 - Primitives.colors.neutral.grey.200}",
          "$description": "",
          "$extensions": {
            "mode": {
              "Light": "{T1 - Primitives.colors.neutral.grey.200}",
              "Dark": "{T1 - Primitives.colors.neutral.grey.900}"
            }
          }
        },
        "dim4": {
          "$type": "color",
          "$value": "{T1 - Primitives.colors.neutral.grey.300}",
          "$description": "",
          "$extensions": {
            "mode": {
              "Light": "{T1 - Primitives.colors.neutral.grey.300}",
              "Dark": "{T1 - Primitives.colors.neutral.grey.950}"
            }
          }
        }
      },
      "content": {
        "primary": {
          "$type": "color",
          "$value": "{T1 - Primitives.colors.neutral.grey.800}",
          "$description": "",
          "$extensions": {
            "mode": {
              "Light": "{T1 - Primitives.colors.neutral.grey.800}",
              "Dark": "{T1 - Primitives.colors.neutral.grey.50}"
            }
          }
        },
        "secondary": {
          "$type": "color",
          "$value": "{T1 - Primitives.colors.neutral.grey.500}",
          "$description": "",
          "$extensions": {
            "mode": {
              "Light": "{T1 - Primitives.colors.neutral.grey.500}",
              "Dark": "{T1 - Primitives.colors.neutral.grey.100}"
            }
          }
        },
        "inverse": {
          "$type": "color",
          "$value": "{T1 - Primitives.colors.neutral.grey.100}",
          "$description": "",
          "$extensions": {
            "mode": {
              "Light": "{T1 - Primitives.colors.neutral.grey.100}",
              "Dark": "{T1 - Primitives.colors.neutral.grey.800}"
            }
          }
        },
        "tertiary": {
          "$type": "color",
          "$value": "{T1 - Primitives.colors.neutral.grey.400}",
          "$description": "",
          "$extensions": {
            "mode": {
              "Light": "{T1 - Primitives.colors.neutral.grey.400}",
              "Dark": "{T1 - Primitives.colors.neutral.grey.200}"
            }
          }
        }
      },
      "accent": {
        "brand": {
          "default": {
            "$type": "color",
            "$value": "{T1 - Primitives.colors.ethical blue.600}",
            "$description": "",
            "$extensions": {
              "mode": {
                "Light": "{T1 - Primitives.colors.ethical blue.600}",
                "Dark": "{T1 - Primitives.colors.ethical blue.400}"
              }
            }
          },
          "hover": {
            "$type": "color",
            "$value": "{T1 - Primitives.colors.ethical blue.700}",
            "$description": "",
            "$extensions": {
              "mode": {
                "Light": "{T1 - Primitives.colors.ethical blue.700}",
                "Dark": "{T1 - Primitives.colors.ethical blue.300}"
              }
            }
          },
          "pressed": {
            "$type": "color",
            "$value": "{T1 - Primitives.colors.ethical blue.800}",
            "$description": "",
            "$extensions": {
              "mode": {
                "Light": "{T1 - Primitives.colors.ethical blue.800}",
                "Dark": "{T1 - Primitives.colors.ethical blue.200}"
              }
            }
          }
        },
        "success": {
          "default": {
            "$type": "color",
            "$value": "{T1 - Primitives.colors.green.700}",
            "$description": "",
            "$extensions": {
              "mode": {
                "Light": "{T1 - Primitives.colors.green.700}",
                "Dark": "{T1 - Primitives.colors.green.400}"
              }
            }
          },
          "hover": {
            "$type": "color",
            "$value": "{T1 - Primitives.colors.green.800}",
            "$description": "",
            "$extensions": {
              "mode": {
                "Light": "{T1 - Primitives.colors.green.800}",
                "Dark": "{T1 - Primitives.colors.green.300}"
              }
            }
          },
          "pressed": {
            "$type": "color",
            "$value": "{T1 - Primitives.colors.green.900}",
            "$description": "",
            "$extensions": {
              "mode": {
                "Light": "{T1 - Primitives.colors.green.900}",
                "Dark": "{T1 - Primitives.colors.green.200}"
              }
            }
          }
        },
        "warning": {
          "default": {
            "$type": "color",
            "$value": "{T1 - Primitives.colors.orange.700}",
            "$description": "",
            "$extensions": {
              "mode": {
                "Light": "{T1 - Primitives.colors.orange.700}",
                "Dark": "{T1 - Primitives.colors.orange.400}"
              }
            }
          },
          "hover": {
            "$type": "color",
            "$value": "{T1 - Primitives.colors.orange.800}",
            "$description": "",
            "$extensions": {
              "mode": {
                "Light": "{T1 - Primitives.colors.orange.800}",
                "Dark": "{T1 - Primitives.colors.orange.300}"
              }
            }
          },
          "pressed": {
            "$type": "color",
            "$value": "{T1 - Primitives.colors.orange.900}",
            "$description": "",
            "$extensions": {
              "mode": {
                "Light": "{T1 - Primitives.colors.orange.900}",
                "Dark": "{T1 - Primitives.colors.orange.200}"
              }
            }
          }
        },
        "error": {
          "default": {
            "$type": "color",
            "$value": "{T1 - Primitives.colors.red.700}",
            "$description": "",
            "$extensions": {
              "mode": {
                "Light": "{T1 - Primitives.colors.red.700}",
                "Dark": "{T1 - Primitives.colors.red.400}"
              }
            }
          },
          "hover": {
            "$type": "color",
            "$value": "{T1 - Primitives.colors.red.800}",
            "$description": "",
            "$extensions": {
              "mode": {
                "Light": "{T1 - Primitives.colors.red.800}",
                "Dark": "{T1 - Primitives.colors.red.300}"
              }
            }
          },
          "pressed": {
            "$type": "color",
            "$value": "{T1 - Primitives.colors.red.900}",
            "$description": "",
            "$extensions": {
              "mode": {
                "Light": "{T1 - Primitives.colors.red.900}",
                "Dark": "{T1 - Primitives.colors.red.200}"
              }
            }
          }
        },
        "disabled": {
          "dim1": {
            "$type": "color",
            "$value": "{T1 - Primitives.colors.neutral.grey.100}",
            "$description": "",
            "$extensions": {
              "mode": {
                "Light": "{T1 - Primitives.colors.neutral.grey.100}",
                "Dark": "{T1 - Primitives.colors.neutral.grey.700}"
              }
            }
          },
          "dim2": {
            "$type": "color",
            "$value": "{T1 - Primitives.colors.neutral.grey.200}",
            "$description": "",
            "$extensions": {
              "mode": {
                "Light": "{T1 - Primitives.colors.neutral.grey.200}",
                "Dark": "{T1 - Primitives.colors.neutral.grey.600}"
              }
            }
          },
          "dim3": {
            "$type": "color",
            "$value": "{T1 - Primitives.colors.neutral.grey.300}",
            "$description": "",
            "$extensions": {
              "mode": {
                "Light": "{T1 - Primitives.colors.neutral.grey.300}",
                "Dark": "{T1 - Primitives.colors.neutral.grey.500}"
              }
            }
          },
          "dim4": {
            "$type": "color",
            "$value": "{T1 - Primitives.colors.neutral.grey.400}",
            "$description": "",
            "$extensions": {
              "mode": {
                "Light": "{T1 - Primitives.colors.neutral.grey.400}",
                "Dark": "{T1 - Primitives.colors.neutral.grey.400}"
              }
            }
          }
        }
      },
      "status": {
        "light": {
          "success": {
            "$type": "color",
            "$value": "{T1 - Primitives.colors.green.50}",
            "$description": "",
            "$extensions": {
              "mode": {
                "Light": "{T1 - Primitives.colors.green.50}",
                "Dark": "{T1 - Primitives.colors.green.950}"
              }
            }
          },
          "warning": {
            "$type": "color",
            "$value": "{T1 - Primitives.colors.orange.50}",
            "$description": "",
            "$extensions": {
              "mode": {
                "Light": "{T1 - Primitives.colors.orange.50}",
                "Dark": "{T1 - Primitives.colors.orange.950}"
              }
            }
          },
          "error": {
            "$type": "color",
            "$value": "{T1 - Primitives.colors.red.50}",
            "$description": "",
            "$extensions": {
              "mode": {
                "Light": "{T1 - Primitives.colors.red.50}",
                "Dark": "{T1 - Primitives.colors.red.950}"
              }
            }
          },
          "information": {
            "$type": "color",
            "$value": "{T1 - Primitives.colors.blue.50}",
            "$description": "",
            "$extensions": {
              "mode": {
                "Light": "{T1 - Primitives.colors.blue.50}",
                "Dark": "{T1 - Primitives.colors.blue.950}"
              }
            }
          },
          "security": {
            "$type": "color",
            "$value": "{T1 - Primitives.colors.purple.50}",
            "$description": "",
            "$extensions": {
              "mode": {
                "Light": "{T1 - Primitives.colors.purple.50}",
                "Dark": "{T1 - Primitives.colors.purple.950}"
              }
            }
          },
          "neutral": {
            "$type": "color",
            "$value": "{T1 - Primitives.colors.neutral.grey.50}",
            "$description": "",
            "$extensions": {
              "mode": {
                "Light": "{T1 - Primitives.colors.neutral.grey.50}",
                "Dark": "{T1 - Primitives.colors.neutral.grey.950}"
              }
            }
          }
        },
        "strong": {
          "success": {
            "$type": "color",
            "$value": "{T1 - Primitives.colors.green.800}",
            "$description": "",
            "$extensions": {
              "mode": {
                "Light": "{T1 - Primitives.colors.green.800}",
                "Dark": "{T1 - Primitives.colors.green.300}"
              }
            }
          },
          "warning": {
            "$type": "color",
            "$value": "{T1 - Primitives.colors.orange.900}",
            "$description": "",
            "$extensions": {
              "mode": {
                "Light": "{T1 - Primitives.colors.orange.900}",
                "Dark": "{T1 - Primitives.colors.orange.100}"
              }
            }
          },
          "error": {
            "$type": "color",
            "$value": "{T1 - Primitives.colors.red.900}",
            "$description": "",
            "$extensions": {
              "mode": {
                "Light": "{T1 - Primitives.colors.red.900}",
                "Dark": "{T1 - Primitives.colors.red.100}"
              }
            }
          },
          "information": {
            "$type": "color",
            "$value": "{T1 - Primitives.colors.blue.900}",
            "$description": "",
            "$extensions": {
              "mode": {
                "Light": "{T1 - Primitives.colors.blue.900}",
                "Dark": "{T1 - Primitives.colors.blue.100}"
              }
            }
          },
          "security": {
            "$type": "color",
            "$value": "{T1 - Primitives.colors.purple.900}",
            "$description": "",
            "$extensions": {
              "mode": {
                "Light": "{T1 - Primitives.colors.purple.900}",
                "Dark": "{T1 - Primitives.colors.purple.100}"
              }
            }
          },
          "neutral": {
            "$type": "color",
            "$value": "{T1 - Primitives.colors.neutral.grey.900}",
            "$description": "",
            "$extensions": {
              "mode": {
                "Light": "{T1 - Primitives.colors.neutral.grey.900}",
                "Dark": "{T1 - Primitives.colors.neutral.grey.100}"
              }
            }
          }
        },
        "soft": {
          "success": {
            "$type": "color",
            "$value": "{T1 - Primitives.colors.green.400}",
            "$description": "",
            "$extensions": {
              "mode": {
                "Light": "{T1 - Primitives.colors.green.400}",
                "Dark": "{T1 - Primitives.colors.green.800}"
              }
            }
          },
          "warning": {
            "$type": "color",
            "$value": "{T1 - Primitives.colors.orange.400}",
            "$description": "",
            "$extensions": {
              "mode": {
                "Light": "{T1 - Primitives.colors.orange.400}",
                "Dark": "{T1 - Primitives.colors.orange.800}"
              }
            }
          },
          "error": {
            "$type": "color",
            "$value": "{T1 - Primitives.colors.red.400}",
            "$description": "",
            "$extensions": {
              "mode": {
                "Light": "{T1 - Primitives.colors.red.400}",
                "Dark": "{T1 - Primitives.colors.red.800}"
              }
            }
          },
          "information": {
            "$type": "color",
            "$value": "{T1 - Primitives.colors.blue.400}",
            "$description": "",
            "$extensions": {
              "mode": {
                "Light": "{T1 - Primitives.colors.blue.400}",
                "Dark": "{T1 - Primitives.colors.blue.800}"
              }
            }
          },
          "security": {
            "$type": "color",
            "$value": "{T1 - Primitives.colors.purple.400}",
            "$description": "",
            "$extensions": {
              "mode": {
                "Light": "{T1 - Primitives.colors.purple.400}",
                "Dark": "{T1 - Primitives.colors.purple.800}"
              }
            }
          },
          "neutral": {
            "$type": "color",
            "$value": "{T1 - Primitives.colors.neutral.grey.400}",
            "$description": "",
            "$extensions": {
              "mode": {
                "Light": "{T1 - Primitives.colors.neutral.grey.400}",
                "Dark": "{T1 - Primitives.colors.neutral.grey.800}"
              }
            }
          }
        },
        "medium": {
          "success": {
            "$type": "color",
            "$value": "{T1 - Primitives.colors.green.500}",
            "$description": "",
            "$extensions": {
              "mode": {
                "Light": "{T1 - Primitives.colors.green.500}",
                "Dark": "{T1 - Primitives.colors.green.400}"
              }
            }
          },
          "warning": {
            "$type": "color",
            "$value": "{T1 - Primitives.colors.orange.500}",
            "$description": "",
            "$extensions": {
              "mode": {
                "Light": "{T1 - Primitives.colors.orange.500}",
                "Dark": "{T1 - Primitives.colors.orange.400}"
              }
            }
          },
          "error": {
            "$type": "color",
            "$value": "{T1 - Primitives.colors.red.500}",
            "$description": "",
            "$extensions": {
              "mode": {
                "Light": "{T1 - Primitives.colors.red.500}",
                "Dark": "{T1 - Primitives.colors.red.400}"
              }
            }
          },
          "information": {
            "$type": "color",
            "$value": "{T1 - Primitives.colors.blue.500}",
            "$description": "",
            "$extensions": {
              "mode": {
                "Light": "{T1 - Primitives.colors.blue.500}",
                "Dark": "{T1 - Primitives.colors.blue.400}"
              }
            }
          },
          "security": {
            "$type": "color",
            "$value": "{T1 - Primitives.colors.purple.500}",
            "$description": "",
            "$extensions": {
              "mode": {
                "Light": "{T1 - Primitives.colors.purple.500}",
                "Dark": "{T1 - Primitives.colors.purple.400}"
              }
            }
          },
          "neutral": {
            "$type": "color",
            "$value": "{T1 - Primitives.colors.neutral.grey.500}",
            "$description": "",
            "$extensions": {
              "mode": {
                "Light": "{T1 - Primitives.colors.neutral.grey.500}",
                "Dark": "{T1 - Primitives.colors.neutral.grey.400}"
              }
            }
          }
        }
      },
      "illustrations": {
        "border": {
          "border": {
            "$type": "color",
            "$value": "{T1 - Primitives.colors.neutral.grey.500}",
            "$description": "",
            "$extensions": {
              "mode": {
                "Light": "{T1 - Primitives.colors.neutral.grey.500}",
                "Dark": "{T1 - Primitives.colors.neutral.grey.300}"
              }
            }
          }
        },
        "background": {
          "background-1": {
            "$type": "color",
            "$value": "{T1 - Primitives.colors.neutral.white}",
            "$description": "",
            "$extensions": {
              "mode": {
                "Light": "{T1 - Primitives.colors.neutral.white}",
                "Dark": "{T1 - Primitives.colors.neutral.grey.950}"
              }
            }
          },
          "background-2": {
            "$type": "color",
            "$value": "{T1 - Primitives.colors.neutral.grey.100}",
            "$description": "",
            "$extensions": {
              "mode": {
                "Light": "{T1 - Primitives.colors.neutral.grey.100}",
                "Dark": "{T1 - Primitives.colors.neutral.grey.700}"
              }
            }
          },
          "background-3": {
            "$type": "color",
            "$value": "{T1 - Primitives.colors.neutral.grey.200}",
            "$description": "",
            "$extensions": {
              "mode": {
                "Light": "{T1 - Primitives.colors.neutral.grey.200}",
                "Dark": "{T1 - Primitives.colors.neutral.grey.500}"
              }
            }
          }
        },
        "shape": {
          "shape-1": {
            "$type": "color",
            "$value": "{T1 - Primitives.colors.neutral.grey.200}",
            "$description": "",
            "$extensions": {
              "mode": {
                "Light": "{T1 - Primitives.colors.neutral.grey.200}",
                "Dark": "{T1 - Primitives.colors.neutral.grey.600}"
              }
            }
          },
          "shape-2": {
            "$type": "color",
            "$value": "{T1 - Primitives.colors.neutral.grey.500}",
            "$description": "",
            "$extensions": {
              "mode": {
                "Light": "{T1 - Primitives.colors.neutral.grey.500}",
                "Dark": "{T1 - Primitives.colors.neutral.grey.500}"
              }
            }
          }
        }
      },
      "stroke": {
        "dim1": {
          "$type": "color",
          "$value": "{T1 - Primitives.colors.neutral.grey.50}",
          "$description": "",
          "$extensions": {
            "mode": {
              "Light": "{T1 - Primitives.colors.neutral.grey.50}",
              "Dark": "{T1 - Primitives.colors.neutral.grey.700}"
            }
          }
        },
        "dim2": {
          "$type": "color",
          "$value": "{T1 - Primitives.colors.neutral.grey.100}",
          "$description": "",
          "$extensions": {
            "mode": {
              "Light": "{T1 - Primitives.colors.neutral.grey.100}",
              "Dark": "{T1 - Primitives.colors.neutral.grey.600}"
            }
          }
        },
        "dim3": {
          "$type": "color",
          "$value": "{T1 - Primitives.colors.neutral.grey.200}",
          "$description": "",
          "$extensions": {
            "mode": {
              "Light": "{T1 - Primitives.colors.neutral.grey.200}",
              "Dark": "{T1 - Primitives.colors.neutral.grey.500}"
            }
          }
        },
        "dim4": {
          "$type": "color",
          "$value": "{T1 - Primitives.colors.neutral.grey.300}",
          "$description": "",
          "$extensions": {
            "mode": {
              "Light": "{T1 - Primitives.colors.neutral.grey.300}",
              "Dark": "{T1 - Primitives.colors.neutral.grey.400}"
            }
          }
        }
      }
    },
    "radius": {
      "size-0": {
        "$type": "dimension",
        "$value": "0px",
        "$description": "",
        "$extensions": {
          "mode": {
            "Light": "0px",
            "Dark": "0px"
          }
        }
      },
      "size-100": {
        "$type": "dimension",
        "$value": "100px",
        "$description": "",
        "$extensions": {
          "mode": {
            "Light": "100px",
            "Dark": "100px"
          }
        }
      },
      "size-12": {
        "$type": "dimension",
        "$value": "12px",
        "$description": "",
        "$extensions": {
          "mode": {
            "Light": "12px",
            "Dark": "12px"
          }
        }
      },
      "size-16": {
        "$type": "dimension",
        "$value": "16px",
        "$description": "",
        "$extensions": {
          "mode": {
            "Light": "16px",
            "Dark": "16px"
          }
        }
      },
      "size-2": {
        "$type": "dimension",
        "$value": "2px",
        "$description": "",
        "$extensions": {
          "mode": {
            "Light": "2px",
            "Dark": "2px"
          }
        }
      },
      "size-4": {
        "$type": "dimension",
        "$value": "4px",
        "$description": "",
        "$extensions": {
          "mode": {
            "Light": "4px",
            "Dark": "4px"
          }
        }
      },
      "size-8": {
        "$type": "dimension",
        "$value": "8px",
        "$description": "",
        "$extensions": {
          "mode": {
            "Light": "8px",
            "Dark": "8px"
          }
        }
      }
    },
    "spacing": {
      "size-0": {
        "$type": "dimension",
        "$value": "0px",
        "$description": "",
        "$extensions": {
          "mode": {
            "Light": "0px",
            "Dark": "0px"
          }
        }
      },
      "size-12": {
        "$type": "dimension",
        "$value": "12px",
        "$description": "",
        "$extensions": {
          "mode": {
            "Light": "12px",
            "Dark": "12px"
          }
        }
      },
      "size-16": {
        "$type": "dimension",
        "$value": "16px",
        "$description": "",
        "$extensions": {
          "mode": {
            "Light": "16px",
            "Dark": "16px"
          }
        }
      },
      "size-2": {
        "$type": "dimension",
        "$value": "2px",
        "$description": "",
        "$extensions": {
          "mode": {
            "Light": "2px",
            "Dark": "2px"
          }
        }
      },
      "size-24": {
        "$type": "dimension",
        "$value": "24px",
        "$description": "",
        "$extensions": {
          "mode": {
            "Light": "24px",
            "Dark": "24px"
          }
        }
      },
      "size-32": {
        "$type": "dimension",
        "$value": "32px",
        "$description": "",
        "$extensions": {
          "mode": {
            "Light": "32px",
            "Dark": "32px"
          }
        }
      },
      "size-4": {
        "$type": "dimension",
        "$value": "4px",
        "$description": "",
        "$extensions": {
          "mode": {
            "Light": "4px",
            "Dark": "4px"
          }
        }
      },
      "size-40": {
        "$type": "dimension",
        "$value": "40px",
        "$description": "",
        "$extensions": {
          "mode": {
            "Light": "40px",
            "Dark": "40px"
          }
        }
      },
      "size-48": {
        "$type": "dimension",
        "$value": "48px",
        "$description": "",
        "$extensions": {
          "mode": {
            "Light": "48px",
            "Dark": "48px"
          }
        }
      },
      "size-6": {
        "$type": "dimension",
        "$value": "6px",
        "$description": "",
        "$extensions": {
          "mode": {
            "Light": "6px",
            "Dark": "6px"
          }
        }
      },
      "size-64": {
        "$type": "dimension",
        "$value": "64px",
        "$description": "",
        "$extensions": {
          "mode": {
            "Light": "64px",
            "Dark": "64px"
          }
        }
      },
      "size-8": {
        "$type": "dimension",
        "$value": "8px",
        "$description": "Espace entre icône et texte",
        "$extensions": {
          "mode": {
            "Light": "8px",
            "Dark": "8px"
          }
        }
      }
    }
  },
  "T2 - Mail theme": {
    "colors": {
      "background": {
        "surface": {
          "$type": "color",
          "$value": "{T1 - Primitives.colors.neutral.white}",
          "$description": "",
          "$extensions": {
            "mode": {
              "Dark": "{T1 - Primitives.colors.neutral.grey.600}",
              "Light": "{T1 - Primitives.colors.neutral.white}"
            }
          }
        },
        "dim1": {
          "$type": "color",
          "$value": "{T1 - Primitives.colors.neutral.grey.50}",
          "$description": "",
          "$extensions": {
            "mode": {
              "Dark": "{T1 - Primitives.colors.neutral.grey.700}",
              "Light": "{T1 - Primitives.colors.neutral.grey.50}"
            }
          }
        },
        "dim2": {
          "$type": "color",
          "$value": "{T1 - Primitives.colors.neutral.grey.100}",
          "$description": "",
          "$extensions": {
            "mode": {
              "Dark": "{T1 - Primitives.colors.neutral.grey.800}",
              "Light": "{T1 - Primitives.colors.neutral.grey.100}"
            }
          }
        },
        "dim3": {
          "$type": "color",
          "$value": "{T1 - Primitives.colors.neutral.grey.200}",
          "$description": "",
          "$extensions": {
            "mode": {
              "Dark": "{T1 - Primitives.colors.neutral.grey.900}",
              "Light": "{T1 - Primitives.colors.neutral.grey.200}"
            }
          }
        },
        "dim4": {
          "$type": "color",
          "$value": "{T1 - Primitives.colors.neutral.grey.300}",
          "$description": "",
          "$extensions": {
            "mode": {
              "Dark": "{T1 - Primitives.colors.neutral.grey.950}",
              "Light": "{T1 - Primitives.colors.neutral.grey.300}"
            }
          }
        }
      },
      "stroke": {
        "dim1": {
          "$type": "color",
          "$value": "{T1 - Primitives.colors.neutral.grey.50}",
          "$description": "",
          "$extensions": {
            "mode": {
              "Dark": "{T1 - Primitives.colors.neutral.grey.700}",
              "Light": "{T1 - Primitives.colors.neutral.grey.50}"
            }
          }
        },
        "dim2": {
          "$type": "color",
          "$value": "{T1 - Primitives.colors.neutral.grey.100}",
          "$description": "",
          "$extensions": {
            "mode": {
              "Dark": "{T1 - Primitives.colors.neutral.grey.600}",
              "Light": "{T1 - Primitives.colors.neutral.grey.100}"
            }
          }
        },
        "dim3": {
          "$type": "color",
          "$value": "{T1 - Primitives.colors.neutral.grey.200}",
          "$description": "",
          "$extensions": {
            "mode": {
              "Dark": "{T1 - Primitives.colors.neutral.grey.500}",
              "Light": "{T1 - Primitives.colors.neutral.grey.200}"
            }
          }
        },
        "dim4": {
          "$type": "color",
          "$value": "{T1 - Primitives.colors.neutral.grey.300}",
          "$description": "",
          "$extensions": {
            "mode": {
              "Dark": "{T1 - Primitives.colors.neutral.grey.400}",
              "Light": "{T1 - Primitives.colors.neutral.grey.300}"
            }
          }
        }
      },
      "content": {
        "primary": {
          "$type": "color",
          "$value": "{T1 - Primitives.colors.neutral.grey.800}",
          "$description": "",
          "$extensions": {
            "mode": {
              "Dark": "{T1 - Primitives.colors.neutral.grey.50}",
              "Light": "{T1 - Primitives.colors.neutral.grey.800}"
            }
          }
        },
        "secondary": {
          "$type": "color",
          "$value": "{T1 - Primitives.colors.neutral.grey.500}",
          "$description": "",
          "$extensions": {
            "mode": {
              "Dark": "{T1 - Primitives.colors.neutral.grey.100}",
              "Light": "{T1 - Primitives.colors.neutral.grey.500}"
            }
          }
        },
        "tertiary": {
          "$type": "color",
          "$value": "{T1 - Primitives.colors.neutral.grey.400}",
          "$description": "",
          "$extensions": {
            "mode": {
              "Dark": "{T1 - Primitives.colors.neutral.grey.200}",
              "Light": "{T1 - Primitives.colors.neutral.grey.400}"
            }
          }
        },
        "inverse": {
          "$type": "color",
          "$value": "{T1 - Primitives.colors.neutral.grey.100}",
          "$description": "",
          "$extensions": {
            "mode": {
              "Dark": "{T1 - Primitives.colors.neutral.grey.800}",
              "Light": "{T1 - Primitives.colors.neutral.grey.100}"
            }
          }
        }
      },
      "accent": {
        "brand": {
          "default": {
            "$type": "color",
            "$value": "{T1 - Primitives.colors.pink.600}",
            "$description": "",
            "$extensions": {
              "mode": {
                "Dark": "{T1 - Primitives.colors.pink.400}",
                "Light": "{T1 - Primitives.colors.pink.600}"
              }
            }
          },
          "hover": {
            "$type": "color",
            "$value": "{T1 - Primitives.colors.pink.700}",
            "$description": "",
            "$extensions": {
              "mode": {
                "Dark": "{T1 - Primitives.colors.pink.300}",
                "Light": "{T1 - Primitives.colors.pink.700}"
              }
            }
          },
          "pressed": {
            "$type": "color",
            "$value": "{T1 - Primitives.colors.pink.800}",
            "$description": "",
            "$extensions": {
              "mode": {
                "Dark": "{T1 - Primitives.colors.pink.200}",
                "Light": "{T1 - Primitives.colors.pink.800}"
              }
            }
          }
        },
        "success": {
          "default": {
            "$type": "color",
            "$value": "{T1 - Primitives.colors.green.700}",
            "$description": "",
            "$extensions": {
              "mode": {
                "Dark": "{T1 - Primitives.colors.green.400}",
                "Light": "{T1 - Primitives.colors.green.700}"
              }
            }
          },
          "hover": {
            "$type": "color",
            "$value": "{T1 - Primitives.colors.green.800}",
            "$description": "",
            "$extensions": {
              "mode": {
                "Dark": "{T1 - Primitives.colors.green.300}",
                "Light": "{T1 - Primitives.colors.green.800}"
              }
            }
          },
          "pressed": {
            "$type": "color",
            "$value": "{T1 - Primitives.colors.green.900}",
            "$description": "",
            "$extensions": {
              "mode": {
                "Dark": "{T1 - Primitives.colors.green.200}",
                "Light": "{T1 - Primitives.colors.green.900}"
              }
            }
          }
        },
        "warning": {
          "default": {
            "$type": "color",
            "$value": "{T1 - Primitives.colors.orange.700}",
            "$description": "",
            "$extensions": {
              "mode": {
                "Dark": "{T1 - Primitives.colors.orange.400}",
                "Light": "{T1 - Primitives.colors.orange.700}"
              }
            }
          },
          "hover": {
            "$type": "color",
            "$value": "{T1 - Primitives.colors.orange.800}",
            "$description": "",
            "$extensions": {
              "mode": {
                "Dark": "{T1 - Primitives.colors.orange.300}",
                "Light": "{T1 - Primitives.colors.orange.800}"
              }
            }
          },
          "pressed": {
            "$type": "color",
            "$value": "{T1 - Primitives.colors.orange.900}",
            "$description": "",
            "$extensions": {
              "mode": {
                "Dark": "{T1 - Primitives.colors.orange.200}",
                "Light": "{T1 - Primitives.colors.orange.900}"
              }
            }
          }
        },
        "error": {
          "default": {
            "$type": "color",
            "$value": "{T1 - Primitives.colors.red.700}",
            "$description": "",
            "$extensions": {
              "mode": {
                "Dark": "{T1 - Primitives.colors.red.400}",
                "Light": "{T1 - Primitives.colors.red.700}"
              }
            }
          },
          "hover": {
            "$type": "color",
            "$value": "{T1 - Primitives.colors.red.800}",
            "$description": "",
            "$extensions": {
              "mode": {
                "Dark": "{T1 - Primitives.colors.red.300}",
                "Light": "{T1 - Primitives.colors.red.800}"
              }
            }
          },
          "pressed": {
            "$type": "color",
            "$value": "{T1 - Primitives.colors.red.900}",
            "$description": "",
            "$extensions": {
              "mode": {
                "Dark": "{T1 - Primitives.colors.red.200}",
                "Light": "{T1 - Primitives.colors.red.900}"
              }
            }
          }
        },
        "disabled": {
          "dim1": {
            "$type": "color",
            "$value": "{T1 - Primitives.colors.neutral.grey.100}",
            "$description": "",
            "$extensions": {
              "mode": {
                "Dark": "{T1 - Primitives.colors.neutral.grey.700}",
                "Light": "{T1 - Primitives.colors.neutral.grey.100}"
              }
            }
          },
          "dim2": {
            "$type": "color",
            "$value": "{T1 - Primitives.colors.neutral.grey.200}",
            "$description": "",
            "$extensions": {
              "mode": {
                "Dark": "{T1 - Primitives.colors.neutral.grey.600}",
                "Light": "{T1 - Primitives.colors.neutral.grey.200}"
              }
            }
          },
          "dim3": {
            "$type": "color",
            "$value": "{T1 - Primitives.colors.neutral.grey.300}",
            "$description": "",
            "$extensions": {
              "mode": {
                "Dark": "{T1 - Primitives.colors.neutral.grey.500}",
                "Light": "{T1 - Primitives.colors.neutral.grey.300}"
              }
            }
          },
          "dim4": {
            "$type": "color",
            "$value": "{T1 - Primitives.colors.neutral.grey.400}",
            "$description": "",
            "$extensions": {
              "mode": {
                "Dark": "{T1 - Primitives.colors.neutral.grey.400}",
                "Light": "{T1 - Primitives.colors.neutral.grey.400}"
              }
            }
          }
        }
      },
      "status": {
        "strong": {
          "success": {
            "$type": "color",
            "$value": "{T1 - Primitives.colors.green.800}",
            "$description": "",
            "$extensions": {
              "mode": {
                "Dark": "{T1 - Primitives.colors.green.300}",
                "Light": "{T1 - Primitives.colors.green.800}"
              }
            }
          },
          "warning": {
            "$type": "color",
            "$value": "{T1 - Primitives.colors.orange.900}",
            "$description": "",
            "$extensions": {
              "mode": {
                "Dark": "{T1 - Primitives.colors.orange.100}",
                "Light": "{T1 - Primitives.colors.orange.900}"
              }
            }
          },
          "error": {
            "$type": "color",
            "$value": "{T1 - Primitives.colors.red.900}",
            "$description": "",
            "$extensions": {
              "mode": {
                "Dark": "{T1 - Primitives.colors.red.100}",
                "Light": "{T1 - Primitives.colors.red.900}"
              }
            }
          },
          "information": {
            "$type": "color",
            "$value": "{T1 - Primitives.colors.blue.900}",
            "$description": "",
            "$extensions": {
              "mode": {
                "Dark": "{T1 - Primitives.colors.blue.100}",
                "Light": "{T1 - Primitives.colors.blue.900}"
              }
            }
          },
          "security": {
            "$type": "color",
            "$value": "{T1 - Primitives.colors.purple.900}",
            "$description": "",
            "$extensions": {
              "mode": {
                "Dark": "{T1 - Primitives.colors.purple.100}",
                "Light": "{T1 - Primitives.colors.purple.900}"
              }
            }
          },
          "neutral": {
            "$type": "color",
            "$value": "{T1 - Primitives.colors.neutral.grey.900}",
            "$description": "",
            "$extensions": {
              "mode": {
                "Dark": "{T1 - Primitives.colors.neutral.grey.100}",
                "Light": "{T1 - Primitives.colors.neutral.grey.900}"
              }
            }
          }
        },
        "medium": {
          "success": {
            "$type": "color",
            "$value": "{T1 - Primitives.colors.green.500}",
            "$description": "",
            "$extensions": {
              "mode": {
                "Dark": "{T1 - Primitives.colors.green.400}",
                "Light": "{T1 - Primitives.colors.green.500}"
              }
            }
          },
          "warning": {
            "$type": "color",
            "$value": "{T1 - Primitives.colors.orange.500}",
            "$description": "",
            "$extensions": {
              "mode": {
                "Dark": "{T1 - Primitives.colors.orange.400}",
                "Light": "{T1 - Primitives.colors.orange.500}"
              }
            }
          },
          "error": {
            "$type": "color",
            "$value": "{T1 - Primitives.colors.red.500}",
            "$description": "",
            "$extensions": {
              "mode": {
                "Dark": "{T1 - Primitives.colors.red.400}",
                "Light": "{T1 - Primitives.colors.red.500}"
              }
            }
          },
          "information": {
            "$type": "color",
            "$value": "{T1 - Primitives.colors.blue.500}",
            "$description": "",
            "$extensions": {
              "mode": {
                "Dark": "{T1 - Primitives.colors.blue.400}",
                "Light": "{T1 - Primitives.colors.blue.500}"
              }
            }
          },
          "security": {
            "$type": "color",
            "$value": "{T1 - Primitives.colors.purple.500}",
            "$description": "",
            "$extensions": {
              "mode": {
                "Dark": "{T1 - Primitives.colors.purple.400}",
                "Light": "{T1 - Primitives.colors.purple.500}"
              }
            }
          },
          "neutral": {
            "$type": "color",
            "$value": "{T1 - Primitives.colors.neutral.grey.500}",
            "$description": "",
            "$extensions": {
              "mode": {
                "Dark": "{T1 - Primitives.colors.neutral.grey.400}",
                "Light": "{T1 - Primitives.colors.neutral.grey.500}"
              }
            }
          }
        },
        "soft": {
          "success": {
            "$type": "color",
            "$value": "{T1 - Primitives.colors.green.400}",
            "$description": "",
            "$extensions": {
              "mode": {
                "Dark": "{T1 - Primitives.colors.green.800}",
                "Light": "{T1 - Primitives.colors.green.400}"
              }
            }
          },
          "warning": {
            "$type": "color",
            "$value": "{T1 - Primitives.colors.orange.400}",
            "$description": "",
            "$extensions": {
              "mode": {
                "Dark": "{T1 - Primitives.colors.orange.800}",
                "Light": "{T1 - Primitives.colors.orange.400}"
              }
            }
          },
          "error": {
            "$type": "color",
            "$value": "{T1 - Primitives.colors.red.400}",
            "$description": "",
            "$extensions": {
              "mode": {
                "Dark": "{T1 - Primitives.colors.red.800}",
                "Light": "{T1 - Primitives.colors.red.400}"
              }
            }
          },
          "information": {
            "$type": "color",
            "$value": "{T1 - Primitives.colors.blue.400}",
            "$description": "",
            "$extensions": {
              "mode": {
                "Dark": "{T1 - Primitives.colors.blue.800}",
                "Light": "{T1 - Primitives.colors.blue.400}"
              }
            }
          },
          "security": {
            "$type": "color",
            "$value": "{T1 - Primitives.colors.purple.400}",
            "$description": "",
            "$extensions": {
              "mode": {
                "Dark": "{T1 - Primitives.colors.purple.800}",
                "Light": "{T1 - Primitives.colors.purple.400}"
              }
            }
          },
          "neutral": {
            "$type": "color",
            "$value": "{T1 - Primitives.colors.neutral.grey.400}",
            "$description": "",
            "$extensions": {
              "mode": {
                "Dark": "{T1 - Primitives.colors.neutral.grey.800}",
                "Light": "{T1 - Primitives.colors.neutral.grey.400}"
              }
            }
          }
        },
        "light": {
          "success": {
            "$type": "color",
            "$value": "{T1 - Primitives.colors.green.50}",
            "$description": "",
            "$extensions": {
              "mode": {
                "Dark": "{T1 - Primitives.colors.green.950}",
                "Light": "{T1 - Primitives.colors.green.50}"
              }
            }
          },
          "warning": {
            "$type": "color",
            "$value": "{T1 - Primitives.colors.orange.50}",
            "$description": "",
            "$extensions": {
              "mode": {
                "Dark": "{T1 - Primitives.colors.orange.950}",
                "Light": "{T1 - Primitives.colors.orange.50}"
              }
            }
          },
          "error": {
            "$type": "color",
            "$value": "{T1 - Primitives.colors.red.50}",
            "$description": "",
            "$extensions": {
              "mode": {
                "Dark": "{T1 - Primitives.colors.red.950}",
                "Light": "{T1 - Primitives.colors.red.50}"
              }
            }
          },
          "information": {
            "$type": "color",
            "$value": "{T1 - Primitives.colors.blue.50}",
            "$description": "",
            "$extensions": {
              "mode": {
                "Dark": "{T1 - Primitives.colors.blue.950}",
                "Light": "{T1 - Primitives.colors.blue.50}"
              }
            }
          },
          "security": {
            "$type": "color",
            "$value": "{T1 - Primitives.colors.purple.50}",
            "$description": "",
            "$extensions": {
              "mode": {
                "Dark": "{T1 - Primitives.colors.purple.950}",
                "Light": "{T1 - Primitives.colors.purple.50}"
              }
            }
          },
          "neutral": {
            "$type": "color",
            "$value": "{T1 - Primitives.colors.neutral.grey.50}",
            "$description": "",
            "$extensions": {
              "mode": {
                "Dark": "{T1 - Primitives.colors.neutral.grey.950}",
                "Light": "{T1 - Primitives.colors.neutral.grey.50}"
              }
            }
          }
        }
      },
      "illustrations": {
        "background": {
          "background-1": {
            "$type": "color",
            "$value": "{T1 - Primitives.colors.neutral.white}",
            "$description": "",
            "$extensions": {
              "mode": {
                "Dark": "{T1 - Primitives.colors.neutral.grey.950}",
                "Light": "{T1 - Primitives.colors.neutral.white}"
              }
            }
          },
          "background-2": {
            "$type": "color",
            "$value": "{T1 - Primitives.colors.neutral.grey.100}",
            "$description": "",
            "$extensions": {
              "mode": {
                "Dark": "{T1 - Primitives.colors.neutral.grey.700}",
                "Light": "{T1 - Primitives.colors.neutral.grey.100}"
              }
            }
          },
          "background-3": {
            "$type": "color",
            "$value": "{T1 - Primitives.colors.neutral.grey.200}",
            "$description": "",
            "$extensions": {
              "mode": {
                "Dark": "{T1 - Primitives.colors.neutral.grey.500}",
                "Light": "{T1 - Primitives.colors.neutral.grey.200}"
              }
            }
          }
        },
        "border": {
          "border": {
            "$type": "color",
            "$value": "{T1 - Primitives.colors.neutral.grey.500}",
            "$description": "",
            "$extensions": {
              "mode": {
                "Dark": "{T1 - Primitives.colors.neutral.grey.300}",
                "Light": "{T1 - Primitives.colors.neutral.grey.500}"
              }
            }
          }
        },
        "shape": {
          "shape-1": {
            "$type": "color",
            "$value": "{T1 - Primitives.colors.neutral.grey.200}",
            "$description": "",
            "$extensions": {
              "mode": {
                "Dark": "{T1 - Primitives.colors.neutral.grey.600}",
                "Light": "{T1 - Primitives.colors.neutral.grey.200}"
              }
            }
          },
          "shape-2": {
            "$type": "color",
            "$value": "{T1 - Primitives.colors.neutral.grey.500}",
            "$description": "",
            "$extensions": {
              "mode": {
                "Dark": "{T1 - Primitives.colors.neutral.grey.500}",
                "Light": "{T1 - Primitives.colors.neutral.grey.500}"
              }
            }
          }
        }
      }
    },
    "radius": {
      "size-0": {
        "$type": "dimension",
        "$value": "0px",
        "$description": "",
        "$extensions": {
          "mode": {
            "Dark": "0px",
            "Light": "0px"
          }
        }
      },
      "size-2": {
        "$type": "dimension",
        "$value": "2px",
        "$description": "",
        "$extensions": {
          "mode": {
            "Dark": "2px",
            "Light": "2px"
          }
        }
      },
      "size-4": {
        "$type": "dimension",
        "$value": "4px",
        "$description": "",
        "$extensions": {
          "mode": {
            "Dark": "4px",
            "Light": "4px"
          }
        }
      },
      "size-8": {
        "$type": "dimension",
        "$value": "8px",
        "$description": "",
        "$extensions": {
          "mode": {
            "Dark": "8px",
            "Light": "8px"
          }
        }
      },
      "size-12": {
        "$type": "dimension",
        "$value": "12px",
        "$description": "",
        "$extensions": {
          "mode": {
            "Dark": "12px",
            "Light": "12px"
          }
        }
      },
      "size-16": {
        "$type": "dimension",
        "$value": "16px",
        "$description": "",
        "$extensions": {
          "mode": {
            "Dark": "16px",
            "Light": "16px"
          }
        }
      },
      "size-100": {
        "$type": "dimension",
        "$value": "100px",
        "$description": "",
        "$extensions": {
          "mode": {
            "Dark": "100px",
            "Light": "100px"
          }
        }
      }
    },
    "spacing": {
      "size-0": {
        "$type": "dimension",
        "$value": "0px",
        "$description": "",
        "$extensions": {
          "mode": {
            "Dark": "0px",
            "Light": "0px"
          }
        }
      },
      "size-2": {
        "$type": "dimension",
        "$value": "2px",
        "$description": "",
        "$extensions": {
          "mode": {
            "Dark": "2px",
            "Light": "2px"
          }
        }
      },
      "size-4": {
        "$type": "dimension",
        "$value": "4px",
        "$description": "",
        "$extensions": {
          "mode": {
            "Dark": "4px",
            "Light": "4px"
          }
        }
      },
      "size-6": {
        "$type": "dimension",
        "$value": "6px",
        "$description": "",
        "$extensions": {
          "mode": {
            "Dark": "6px",
            "Light": "6px"
          }
        }
      },
      "size-8": {
        "$type": "dimension",
        "$value": "8px",
        "$description": "",
        "$extensions": {
          "mode": {
            "Dark": "8px",
            "Light": "8px"
          }
        }
      },
      "size-12": {
        "$type": "dimension",
        "$value": "12px",
        "$description": "",
        "$extensions": {
          "mode": {
            "Dark": "12px",
            "Light": "12px"
          }
        }
      },
      "size-16": {
        "$type": "dimension",
        "$value": "16px",
        "$description": "",
        "$extensions": {
          "mode": {
            "Dark": "16px",
            "Light": "16px"
          }
        }
      },
      "size-24": {
        "$type": "dimension",
        "$value": "24px",
        "$description": "",
        "$extensions": {
          "mode": {
            "Dark": "24px",
            "Light": "24px"
          }
        }
      },
      "size-32": {
        "$type": "dimension",
        "$value": "32px",
        "$description": "",
        "$extensions": {
          "mode": {
            "Dark": "32px",
            "Light": "32px"
          }
        }
      },
      "size-40": {
        "$type": "dimension",
        "$value": "40px",
        "$description": "",
        "$extensions": {
          "mode": {
            "Dark": "40px",
            "Light": "40px"
          }
        }
      },
      "size-48": {
        "$type": "dimension",
        "$value": "48px",
        "$description": "",
        "$extensions": {
          "mode": {
            "Dark": "48px",
            "Light": "48px"
          }
        }
      },
      "size-64": {
        "$type": "dimension",
        "$value": "64px",
        "$description": "",
        "$extensions": {
          "mode": {
            "Dark": "64px",
            "Light": "64px"
          }
        }
      }
    }
  },
  "T2 - Security": {
    "colors": {
      "accent": {
        "brand": {
          "default": {
            "$type": "color",
            "$value": "{T1 - Primitives.colors.sovereign blue.600}",
            "$description": "",
            "$extensions": {
              "mode": {
                "Dark": "{T1 - Primitives.colors.sovereign blue.400}",
                "Light": "{T1 - Primitives.colors.sovereign blue.600}"
              }
            }
          },
          "hover": {
            "$type": "color",
            "$value": "{T1 - Primitives.colors.sovereign blue.700}",
            "$description": "",
            "$extensions": {
              "mode": {
                "Dark": "{T1 - Primitives.colors.sovereign blue.300}",
                "Light": "{T1 - Primitives.colors.sovereign blue.700}"
              }
            }
          },
          "pressed": {
            "$type": "color",
            "$value": "{T1 - Primitives.colors.sovereign blue.800}",
            "$description": "",
            "$extensions": {
              "mode": {
                "Dark": "{T1 - Primitives.colors.sovereign blue.200}",
                "Light": "{T1 - Primitives.colors.sovereign blue.800}"
              }
            }
          }
        }
      }
    }
  },
  "Typography-styles": {},
  "Grid-styles": {},
  "Effect-styles": {},
  "Color-styles": {},
  "$extensions": {
    "tokens-bruecke-meta": {
      "useDTCGKeys": true,
      "colorMode": "hex",
      "variableCollections": [
        "T1 - Primitives",
        "T2 - Infomaniak theme",
        "T2 - Mail theme",
        "T2 - Security"
      ],
      "createdAt": "2025-12-29T08:13:53.446Z"
    }
  }
}
