{
  "color": {
    "brand": {
      "100": {
        "$value": "{color.gray.100}"
      },
      "200": {
        "$value": "{color.gray.200}"
      },
      "300": {
        "$value": "{color.gray.300}"
      },
      "400": {
        "$value": "{color.gray.400}"
      },
      "500": {
        "$value": "{color.gray.500}"
      },
      "600": {
        "$value": "{color.gray.600}"
      },
      "700": {
        "$value": "{color.gray.700}"
      },
      "800": {
        "$value": "{color.gray.800}"
      },
      "900": {
        "$value": "{color.gray.900}"
      },
      "1000": {
        "$value": "{color.gray.1000}"
      }
    }
  }
}
