{
  "color": {
    "brand": {
      "100": {
        "$value": "{color.green.100}",
        "$extensions": {
          "theme": {
            "light": "{color.gray.100}"
          }
        }
      },
      "200": {
        "$value": "{color.green.200}"
      },
      "300": {
        "$value": "{color.green.300}"
      },
      "400": {
        "$value": "{color.green.400}"
      },
      "500": {
        "$value": "{color.green.500}"
      },
      "600": {
        "$value": "{color.green.600}"
      },
      "700": {
        "$value": "{color.green.700}"
      },
      "800": {
        "$value": "{color.green.800}"
      },
      "900": {
        "$value": "{color.green.900}"
      },
      "1000": {
        "$value": "{color.green.1000}"
      }
    }
  }
}
